2,2 ,MULDOON AVE
7,7 ,NORTH ST
13,13 ,CLARKE AVENUE
17,17 ,GROVE AVE
27,27,TH STREET AND 3RD AVE
36,36 ,SIMONSON PLACE
36,36 ,SIMONSON PLACE
50,50 ,SYLVIA STREET
50,50 ,SILVIA ST
51,51 ,BOUNDARY AVE
65,65 ,ALTER AVE
73,73 ,MONROE AVE
78,78 ,RICHMOND TERRACE
87,87 ,NEW LANE
88,88 ,TOWN ROAD
89,89 ,NEW LN
92,92 ,NORDEN ST
100,100 ,RIVER ROAD
100,100 ,RIVER ROAD
100,100 ,RIVER RD
101,101 ,TOMPKINS AVE
103,103 ,BAY TERRACE
133,133 ,ERIKA LOOP
145,145 ,BOYD STREET
149,149 ,VICTORY BLVD
190,190 ,BENEDICT AVE
288,288 ,CLOVE ROAD
307,307 ,NELSON AVE
309,309 ,CRISTAL AVE
311,311 ,VIRGINIA AVE
419,419 ,CASTLETON AVE
511,511 ,BAY ST
526,526 ,TOMPKINS AVE
539,539 ,JERSEY STREET
650,650 ,VICTORY BLD
700,700 ,ROCKLAND AVE
700,700 ,POST AVE
700,700 ,POST AVE
700,700 ,POST AVE
708,708 ,RICHMOND ROAD
708,708 ,RICHMOND ROAD
715,715 ,OCEAN TERRACE
730,730 ,RICHMOND TERRACE
745,745 ,PORT RICHMOND AVENUE
777,777 ,SEAVIEW AVE- TANK #1
777,777 ,SEAVEIW AVE- TANK #23
900,900 ,HYLAN BLVD
912,912 ,POST AVE
920,920 ,RICHMOND AVE
1234,1234 ,FOREST AVENUE
1234,1234 ,FOREST AVE
1252,1252 ,FOREST AVENUE
1262,1262 ,CLOVE ROAD
1320,1320 ,RICHMOND TERRACE
1416,1416 ,HYLAN BLVD
1416,1416 ,HYLAN BLVD
1453,1453 ,FOREST AVE
1579,1579 ,FOREST AVENUE
1650,1650 ,FOREST AVENUE
1680,1680 ,RICHMOND AVENUE
1781,1781 ,ARTHUR KILL RD
1781,1781 ,ARTHUR KILL RD
1820,1820 ,RICHMOND ROAD
1881,1881 ,FOREST AVE
2052,2052 ,VICTORY BLVD
2121,2121 ,FOREST AVENUE
2151,2151 ,FOREST AVENUE
2151,2151 ,FOREST AVENUE
2265,2265 ,RICHMOND TERRACE
2475,2475 ,VICTORY BLVD
2500,2500 ,RICHMOND AVE
2509,2509 ,VICTORY BLVD
2525,2525 ,VICTORY BLVD
2990,2990 ,VICTORY BLVD
3701,3701 ,AMBOY ROAD
3842,3842 ,RICHMOND AVE
4101,4101 ,ARTHUR KILL ROAD
4101,4101 ,ARTHUR KILL ROAD
4101,4101 ,ARTHUR KILL ROAD
4275,4275 ,AMBOY RD
4325,4325 ,VICTORY BOULEVARD
4325,4325 ,VICTORY BLVD
4325,4325 ,VICTORY BLVD
4400,4400 ,VICTORY BLVD
4401,4401 ,VICTORY BOULEVARD
4401,4401 ,VICTORY BOULEVARD
5290,5290 ,AMBOY RD
5801,5801 ,AMBOY ROAD
6778,6778 ,HYLAN BLVD
